contig	length	gc_perc
EC23	44682	44.975605389194754
Test_Contig	11060	43.49005424954792
